"","Locus","perc","num","den"
"1","C580Y",38.4615384615385,5,13
"2","PfK13",58.8235294117647,10,17
