"","Locus","perc","num","den"
"1","C580Y",33.3333333333333,3,9
"2","PfK13",58.8235294117647,10,17
