"","Locus","perc","num","den"
"1","C580Y",86.6666666666667,13,15
"2","PfK13",83.3333333333333,15,18
