"","Locus","perc","num","den"
"1","C580Y",69.2307692307692,9,13
"2","PfK13",70.5882352941177,12,17
